"0","#1. Convert the `Purchase_Date` column to a `Date` type."
"0",""
"0","synthetic_data$Purchase_Date <- as.Date(synthetic_data$Purchase_Date)"
"0","#class Purchase_Date"
"0","class(synthetic_data$Purchase_Date)"
"1","[1]"
"1"," ""Date"""
"1","
"
"0","#2. Ensure that the `Membership` column is a factor."
"0","class(synthetic_data$Membership)"
"1","[1]"
"1"," ""character"""
"1","
"
"0","synthetic_data$Membership <- as.factor(synthetic_data$Membership)"
"0",""
"0",""
"0","str(synthetic_data)"
"1","'data.frame':	"
"1",""
"1","100"
"1",""
"1"," obs. of  "
"1",""
"1","7"
"1",""
"1"," variable"
"1",""
"1","s"
"1",""
"1",":"
"1",""
"1","
"
"1"," "
"1",""
"1","$ "
"1",""
"1","ID             "
"1",""
"1",":"
"1"," int  "
"1",""
"1","1 2 3 4 5 6 7 8 9 10"
"1",""
"1"," ..."
"1",""
"1","
"
"1"," "
"1",""
"1","$ "
"1",""
"1","Age            "
"1",""
"1",":"
"1"," num  "
"1",""
"1","50 34 70 33 22 61 69 73 62 56"
"1",""
"1"," ..."
"1",""
"1","
"
"1"," "
"1",""
"1","$ "
"1",""
"1","Income         "
"1",""
"1",":"
"1"," int  "
"1",""
"1","61647 56914 99515 77224 54214 39300 70583 74105 50427 96221"
"1",""
"1"," ..."
"1",""
"1","
"
"1"," "
"1",""
"1","$ "
"1",""
"1","Purchase_Amount"
"1",""
"1",":"
"1"," int  "
"1",""
"1","372 164 426 387 145 407 219 473 475 145"
"1",""
"1"," ..."
"1",""
"1","
"
"1"," "
"1",""
"1","$ "
"1",""
"1","City           "
"1",""
"1",":"
"1"," chr  "
"1",""
"1","""Los Angeles"" ""Chicago"" ""Unknown"" ""Unknown"""
"1",""
"1"," ..."
"1",""
"1","
"
"1"," "
"1",""
"1","$ "
"1",""
"1","Purchase_Date  "
"1",""
"1",":"
"1"," "
"1",""
"1","Date"
"1",""
"1",", format: "
"1",""
"1","""2024-01-01"" ""2024-01-01"" ""2024-03-30"""
"1",""
"1"," ..."
"1",""
"1","
"
"1"," "
"1",""
"1","$ "
"1",""
"1","Membership     "
"1",""
"1",":"
"1"," Factor w/ 4 levels ""Basic"",""Gold"",..: "
"1",""
"1","3 4 1 2 1 4 4 1 4 1"
"1",""
"1"," ..."
"1",""
"1","
"
